DOF,Samples,CPP_Median_ms,CPP_5th_ms,CPP_95th_ms,PY_Median_ms,PY_5th_ms,PY_95th_ms,RTB_Median_ms,RTB_5th_ms,RTB_95th_ms
8,300,1.2538000009953976,1.2072700017597526,1.4206749852746727,80.79869992798194,79.02334998943843,88.86025500833057,17.360399942845106,16.9490949541796,78.90591493924148
16,300,1.7758000176399946,1.6604849603027105,2.1145700651686665,152.511449996382,148.53331992635503,174.10750991548414,59.46010001935065,58.25440002954565,69.11844498245047
32,300,3.2102999975904822,3.0372400768101215,6.580240034963936,313.4897499694489,289.6374150062911,483.6505750077777,231.99045000365004,217.8631499526091,347.9174049454742
64,300,7.36435002181679,6.994235055753961,14.727790036704391,698.5401500132866,620.5813450622372,880.4847749299371,1010.7679500360973,902.3961100261658,1174.1305550502148
