DOF,CPP_Median_ms,CPP_5th_ms,CPP_95th_ms,PY_Median_ms,PY_5th_ms,PY_95th_ms
8,0.7963499992911238,0.7758200001262594,1.622090001910692,13.67115000175545,13.194325002041296,110.5157050031266
16,6.376499997713836,5.779945000176667,9.998829998949077,102.87749999770313,80.7172700024239,176.54354000042076
32,51.54674999721465,45.591714994225185,65.93451499429648,660.1485999999568,589.6357599995099,743.9406350014906
64,505.6691999998293,456.24406499591714,649.6320050031499,4952.913749999425,4737.012650000906,7125.2899849983805
128,7362.863499998639,6779.777100000138,8149.341820002155,48673.55099999986,46173.05250999743,54107.547235002494
