DOF,Samples,CPP_Median_ms,CPP_5th_ms,CPP_95th_ms,PY_Median_ms,PY_5th_ms,PY_95th_ms,RTB_Median_ms,RTB_5th_ms,RTB_95th_ms,CPP_PY_Error,CPP_RTB_Error
8,100,0.7965000113472342,0.765870010945946,1.5228150645270944,14.361699984874576,13.652550004189834,100.07351994281633,1.3556999620050192,1.2797649716958404,1607.2377600474283,0.11832295828118009,1.6315906679231154
16,100,5.819449957925826,5.638544977409765,9.997224976541474,101.53640003409237,82.11738995159976,129.87214491004124,2.563050016760826,2.4572699679993093,1570.9424399363343,0.09168772523034696,1.573155170535208
32,100,56.1452999827452,45.525504974648356,79.63157000485808,770.3665000153705,645.9682349755894,1072.5864150794223,5.380300048273057,4.699930048082024,1651.089325005887,0.06384868047476647,1.0310030340134573
