DOF,Samples,CPP_Median_ms,CPP_5th_ms,CPP_95th_ms,PY_Median_ms,PY_5th_ms,PY_95th_ms,RTB_Median_ms,RTB_5th_ms,RTB_95th_ms
8,100,1.2510499800555408,1.2119149207137525,1.5447749814484266,82.13475003140047,79.98176497058012,84.71037993440405,17.747199977748096,16.99862499954179,80.33658001222648
16,100,1.7393999733030796,1.656820037169382,1.9637899356894195,152.81845000572503,148.45264000468887,159.38307004398666,59.65015001129359,58.293399994727224,61.46566508105025
32,100,3.2143499702215195,3.052639967063442,3.425439965212717,294.3764500087127,289.90476001636125,320.70924501749687,220.61214997665957,217.90257996181026,258.5898700344842
64,100,7.186150003690273,7.019759906688705,7.63688005390577,573.5455499961972,568.242705008015,594.680504972348,849.1264500189573,843.1874249188695,877.0344050601125
128,100,18.7840000144206,18.413470045197755,19.412619940703735,1195.5013999831863,1175.432435044786,1267.3924049187917,3410.5065500480123,3355.713304958772,3543.8850200385787
256,100,55.10875000618398,53.381714975694194,57.859270041808486,2341.337050020229,2301.138219947461,2394.5978649775498,13383.150099951308,13214.003644976765,13488.381684938213
