DOF,CPP_Median_ms,CPP_5th_ms,CPP_95th_ms,PY_Median_ms,PY_5th_ms,PY_95th_ms
8,0.8129500201903284,0.7857800403144211,1.564815017627552,16.57834998331964,13.382995047140867,83.69205999770202
16,5.922149925027043,5.733350000809878,9.929895040113479,99.69444997841492,80.21494002314284,155.1956400158814
32,52.36879998119548,45.6623149686493,65.5595850374084,664.8268499993719,601.734410005156,770.3231249703094
