DOF,Samples,CPP_Median_ms,CPP_5th_ms,CPP_95th_ms,PY_Median_ms,PY_5th_ms,PY_95th_ms
8,100,1.2974499841220677,1.1960900330450386,2.2440500499214973,1.737050013616681,0.897874980000779,9.842480038059875
16,100,1.701400033198297,1.6304149641655385,1.8877349386457354,2.18154996400699,1.5787549666129053,3.8716299401130523
32,100,3.0995499691925943,2.9938849853351712,3.372179943835363,4.129800014197826,3.086179989622906,6.169700034661217
64,100,7.015750044956803,6.832935003330931,7.386984972981736,8.070100040640682,6.05972993071191,11.764419986866415
128,100,18.511349975597113,18.13436002121307,19.067659991560504,15.804449969436973,8.984949951991439,23.41937996679917
256,100,169.65714999241754,155.6650199869182,184.54737002030015,32.16030006296933,23.935714998515323,48.42888505081646
512,100,525.1483000465669,219.1187899617944,547.3379399860278,64.03639999916777,48.11771507957019,94.03211489552632
1024,100,2152.975949982647,438.9425399538595,2349.5959399675485,134.36404999811202,96.50958497659303,247.37306498573162
